Student_ID,Student_Name,Class,Maths,Science,English,Computer,Social,Average,Grade,Result
STU0001,Kavya Kumar,8A,51,48,37,33,89,51.6,D,Fail
STU0002,Diya Krishnan,9A,24,23,31,47,49,34.8,F,Fail
STU0003,Kiran Vasudevan,6A,91,45,89,73,48,69.2,C,Pass
STU0004,Devi Krishnan,8A,20,40,74,63,55,50.4,D,Fail
STU0005,Meera Menon,8B,33,31,68,32,65,45.8,E,Fail
STU0006,Prakash Vasudevan,8A,25,78,88,35,68,58.8,D,Fail
STU0007,Ananya Subramaniam,8A,100,99,66,93,44,80.4,A,Pass
STU0008,Ishaan Sharma,7B,57,30,49,32,68,47.2,E,Fail
STU0009,Deepika Chandran,8B,40,67,65,46,54,54.4,D,Pass
STU0010,Rohan Vasudevan,7A,88,51,40,79,68,65.2,C,Pass
STU0011,Swathi Subramaniam,7B,61,27,49,24,60,44.2,E,Fail
STU0012,Madhumitha Raj,6B,47,92,60,47,83,65.8,C,Pass
STU0013,Lavanya Chandran,7A,53,37,51,91,88,64,C,Pass
STU0014,Anjali Krishnan,9A,94,71,66,48,37,63.2,C,Pass
STU0015,Logesh Murthy,6B,26,34,39,100,40,47.8,E,Fail
STU0016,Yamini Vasudevan,6B,69,68,96,79,87,79.8,B,Pass
STU0017,Shruti Subramaniam,6A,34,88,54,63,34,54.6,D,Fail
STU0018,Pavithra Naidu,7A,78,20,53,84,42,55.4,D,Fail
STU0019,Kiran Reddy,8A,84,97,45,39,67,66.4,C,Pass
STU0020,Karthik Subramaniam,10A,20,96,61,82,22,56.2,D,Fail
STU0021,Kavya Verma,8A,50,27,50,92,30,49.8,E,Fail
STU0022,Ananya Murthy,6B,88,36,36,80,90,66,C,Pass
STU0023,Suresh Raj,10A,97,74,47,89,45,70.4,B,Pass
STU0024,Varsha Rao,8B,76,86,77,35,51,65,C,Pass
STU0025,Sandeep Patel,8B,22,95,90,49,95,70.2,B,Fail
STU0026,Sandeep Kumar,6B,100,27,49,28,24,45.6,E,Fail
STU0027,Ganesh Patel,10A,50,55,82,47,89,64.6,C,Pass
STU0028,Aditi Krishnan,10B,80,51,80,72,44,65.4,C,Pass
STU0029,Priya Reddy,9A,65,74,72,79,26,63.2,C,Fail
STU0030,Priya Sharma,9A,63,33,51,44,44,47,E,Fail
STU0031,Omkar Chandran,7A,74,43,55,79,51,60.4,C,Pass
STU0032,Rohan Chandran,10A,32,26,89,21,31,39.8,E,Fail
STU0033,Lakshmi Iyer,9A,82,81,47,71,27,61.6,C,Fail
STU0034,Suresh Rao,6A,69,53,78,56,74,66,C,Pass
STU0035,Sandhya Murthy,7A,44,57,47,27,94,53.8,D,Fail
STU0036,Pranav Sharma,8B,27,26,94,81,84,62.4,C,Fail
STU0037,Naresh Iyer,6A,85,30,43,28,96,56.4,D,Fail
STU0038,Ishaan Pillai,9A,35,92,51,94,96,73.6,B,Pass
STU0039,Sai Vasudevan,6B,73,94,92,86,60,81,A,Pass
STU0040,Anjali Menon,8B,50,53,70,36,58,53.4,D,Pass
STU0041,Esther Gupta,6B,21,78,99,92,32,64.4,C,Fail
STU0042,Rohan Subramaniam,7B,84,53,36,64,28,53,D,Fail
STU0043,Divya Verma,8A,40,76,89,58,98,72.2,B,Pass
STU0044,Naresh Kumar,10A,58,33,37,53,34,43,E,Fail
STU0045,Sneha Subramaniam,7A,54,56,97,46,63,63.2,C,Pass
STU0046,Dinesh Raj,10A,82,52,26,31,74,53,D,Fail
STU0047,Deepika Sharma,6A,62,36,53,40,76,53.4,D,Pass
STU0048,Ramya Naidu,10A,21,34,29,39,89,42.4,E,Fail
STU0049,Arjun Verma,10B,90,38,75,36,25,52.8,D,Fail
STU0050,Varsha Verma,6A,65,46,51,33,65,52,D,Fail
STU0051,Sandhya Naidu,10B,39,50,40,42,72,48.6,E,Pass
STU0052,Vihaan Iyer,8B,72,51,54,40,33,50,D,Fail
STU0053,Saravanan Sharma,9B,48,45,78,64,59,58.8,D,Pass
STU0054,Rajesh Pillai,6A,44,71,62,55,28,52,D,Fail
STU0055,Deepika Verma,10A,71,88,62,23,34,55.6,D,Fail
STU0056,Anjali Iyer,10B,53,24,33,96,75,56.2,D,Fail
STU0057,Prakash Gupta,9A,97,85,34,69,93,75.6,B,Fail
STU0058,Naveen Raj,6A,75,20,86,88,45,62.8,C,Fail
STU0059,Murali Naidu,6B,62,99,60,35,58,62.8,C,Pass
STU0060,Kiran Singh,9A,61,71,57,90,36,63,C,Pass
STU0061,Naveen Naidu,9A,42,98,92,58,71,72.2,B,Pass
STU0062,Ramya Kumar,8A,56,46,75,94,97,73.6,B,Pass
STU0063,Hari Chandran,9B,76,47,85,80,41,65.8,C,Pass
STU0064,Ananya Singh,10A,99,62,31,50,59,60.2,C,Fail
STU0065,Sandeep Menon,7A,23,25,51,80,98,55.4,D,Fail
STU0066,Rohan Chandran,9A,100,93,44,69,83,77.8,B,Pass
STU0067,Madhumitha Pillai,7A,20,33,74,48,42,43.4,E,Fail
STU0068,Mukesh Chandran,6A,91,51,35,78,37,58.4,D,Pass
STU0069,Farida Pandian,10A,96,60,76,98,84,82.8,A,Pass
STU0070,Yamini Subramaniam,9B,40,80,77,53,51,60.2,C,Pass
STU0071,Deepika Pandian,9B,100,50,55,76,29,62,C,Fail
STU0072,Nisha Pillai,8A,62,60,89,30,37,55.6,D,Fail
STU0073,Meera Pillai,9A,39,47,28,73,72,51.8,D,Fail
STU0074,Ganesh Subramaniam,9B,73,27,46,73,69,57.6,D,Fail
STU0075,Vidya Kumar,10B,68,81,20,65,58,58.4,D,Fail
STU0076,Vignesh Naidu,10A,89,97,48,82,48,72.8,B,Pass
STU0077,Swathi Naidu,9B,23,69,63,71,41,53.4,D,Fail
STU0078,Farida Nair,10B,88,23,70,95,92,73.6,B,Fail
STU0079,Vihaan Patel,9A,37,79,43,26,53,47.6,E,Fail
STU0080,Saravanan Gupta,7B,78,61,63,68,55,65,C,Pass
STU0081,Tanya Raj,6B,80,22,89,26,64,56.2,D,Fail
STU0082,Sandeep Patel,6A,23,51,45,22,99,48,E,Fail
STU0083,Meera Pillai,7A,80,34,92,47,79,66.4,C,Fail
STU0084,Shruti Verma,7A,97,97,34,40,59,65.4,C,Fail
STU0085,Sneha Krishnan,6A,59,93,68,70,45,67,C,Pass
STU0086,Rohan Krishnan,7B,33,58,96,35,92,62.8,C,Fail
STU0087,Sai Verma,10A,74,67,28,84,63,63.2,C,Fail
STU0088,Vivaan Naidu,9B,33,75,66,78,39,58.2,D,Fail
STU0089,Bhavana Iyer,10A,54,98,88,81,79,80,A,Pass
STU0090,Bhavana Krishnan,8A,61,51,31,55,77,55,D,Fail
STU0091,Divya Chandran,10B,98,68,63,23,83,67,C,Fail
STU0092,Hari Iyer,9B,47,65,53,63,55,56.6,D,Pass
STU0093,Zara Raj,10A,21,86,44,30,50,46.2,E,Fail
STU0094,Sowmya Murthy,10A,50,80,82,77,22,62.2,C,Fail
STU0095,Diya Singh,7B,71,51,59,94,67,68.4,C,Pass
STU0096,Gokul Subramaniam,10A,64,74,90,62,65,71,B,Pass
STU0097,Esther Raj,8A,52,49,35,44,60,48,E,Pass
STU0098,Riya Subramaniam,7A,44,47,81,55,95,64.4,C,Pass
STU0099,Naresh Vasudevan,8A,32,44,57,49,66,49.6,E,Fail
STU0100,Ramesh Singh,6A,88,36,55,25,26,46,E,Fail
STU0101,Ramya Singh,7A,82,33,21,93,56,57,D,Fail
STU0102,Gokul Murthy,9B,63,43,26,52,81,53,D,Fail
STU0103,Kavya Patel,9A,82,29,93,100,26,66,C,Fail
STU0104,Meera Nair,10B,58,30,51,35,91,53,D,Fail
STU0105,Tanya Vasudevan,10B,99,48,86,68,77,75.6,B,Pass
STU0106,Chitra Singh,10B,74,59,92,99,27,70.2,B,Fail
STU0107,Bharath Reddy,7B,100,47,53,30,40,54,D,Fail
STU0108,Lakshmi Iyer,10A,29,40,20,72,77,47.6,E,Fail
STU0109,Zara Murthy,8A,24,49,56,56,78,52.6,D,Fail
STU0110,Rohan Pillai,8A,100,95,45,74,34,69.6,C,Fail
STU0111,Pranav Pillai,7A,54,38,29,27,41,37.8,E,Fail
STU0112,Varsha Vasudevan,10B,56,76,35,79,58,60.8,C,Pass
STU0113,Madhumitha Raj,10A,89,83,76,30,96,74.8,B,Fail
STU0114,Sai Naidu,8B,97,52,23,31,49,50.4,D,Fail
STU0115,Uma Krishnan,6A,54,93,25,42,80,58.8,D,Fail
STU0116,Mukesh Chandran,8A,43,94,75,82,31,65,C,Fail
STU0117,Gokul Verma,9A,62,61,33,40,62,51.6,D,Fail
STU0118,Sowmya Murthy,8A,71,90,24,78,31,58.8,D,Fail
STU0119,Surya Raj,8B,34,71,85,20,89,59.8,D,Fail
STU0120,Farida Naidu,6A,44,86,66,99,83,75.6,B,Pass
STU0121,Chitra Sharma,7B,54,90,36,56,76,62.4,C,Pass
STU0122,Imran Reddy,6A,100,97,50,40,59,69.2,C,Pass
STU0123,Ramya Kumar,10A,72,31,48,34,79,52.8,D,Fail
STU0124,Riya Nair,9B,57,85,54,73,81,70,B,Pass
STU0125,Gokul Pillai,9B,90,38,69,44,96,67.4,C,Pass
STU0126,Logesh Nair,6B,55,73,63,84,54,65.8,C,Pass
STU0127,Aarav Singh,8A,95,94,82,39,77,77.4,B,Pass
STU0128,Omkar Murthy,8B,62,90,89,68,78,77.4,B,Pass
STU0129,Hari Menon,7B,93,69,49,72,25,61.6,C,Fail
STU0130,Surya Murthy,9A,69,39,83,24,36,50.2,D,Fail
STU0131,Kiran Krishnan,8B,32,76,32,87,78,61,C,Fail
STU0132,Vivaan Nair,9A,39,29,80,53,63,52.8,D,Fail
STU0133,Charan Rao,6B,62,88,68,60,100,75.6,B,Pass
STU0134,Imran Subramaniam,6A,99,28,50,100,56,66.6,C,Fail
STU0135,Rajesh Patel,9A,32,32,76,41,58,47.8,E,Fail
STU0136,Vihaan Sharma,8B,27,57,65,67,75,58.2,D,Fail
STU0137,Neha Pillai,10A,72,92,43,41,42,58,D,Pass
STU0138,Ananya Vasudevan,9A,99,50,83,94,38,72.8,B,Pass
STU0139,Rajesh Chandran,8A,78,52,21,79,56,57.2,D,Fail
STU0140,Pranav Iyer,6B,76,64,95,58,74,73.4,B,Pass
STU0141,Shruti Chandran,8A,45,69,81,33,50,55.6,D,Fail
STU0142,Saravanan Krishnan,8B,93,57,57,22,70,59.8,D,Fail
STU0143,Deepika Kumar,10B,26,97,83,56,49,62.2,C,Fail
STU0144,Akash Verma,7B,44,99,52,37,100,66.4,C,Pass
STU0145,Priya Sharma,8A,76,24,94,66,36,59.2,D,Fail
STU0146,Diya Singh,8B,73,42,45,36,89,57,D,Pass
STU0147,Murali Pandian,10A,54,41,52,81,57,57,D,Pass
STU0148,Mahesh Reddy,9B,29,38,48,70,91,55.2,D,Fail
STU0149,Murali Patel,9A,21,53,88,35,78,55,D,Fail
STU0150,Bala Raj,10B,68,67,33,49,80,59.4,D,Fail
STU0151,Vihaan Vasudevan,10A,61,98,48,28,79,62.8,C,Fail
STU0152,Keerthana Naidu,6B,37,25,24,58,83,45.4,E,Fail
STU0153,Kavya Reddy,7B,88,37,69,78,67,67.8,C,Pass
STU0154,Pranav Naidu,10B,39,73,32,82,98,64.8,C,Fail
STU0155,Sowmya Raj,6A,67,47,76,76,50,63.2,C,Pass
STU0156,Murali Reddy,8B,89,65,27,70,55,61.2,C,Fail
STU0157,Naveen Reddy,9B,31,47,96,22,26,44.4,E,Fail
STU0158,Ganesh Pillai,7A,92,46,28,90,46,60.4,C,Fail
STU0159,Yasmin Menon,7B,62,38,96,20,55,54.2,D,Fail
STU0160,Neha Nair,10A,52,42,34,23,36,37.4,E,Fail
STU0161,Vivaan Verma,7B,95,61,22,42,53,54.6,D,Fail
STU0162,Reyansh Nair,9A,87,34,28,80,77,61.2,C,Fail
STU0163,Murali Pandian,10B,33,77,84,48,98,68,C,Fail
STU0164,Sai Pandian,8A,78,23,27,81,71,56,D,Fail
STU0165,Yamini Reddy,9B,76,29,30,61,97,58.6,D,Fail
STU0166,Neha Patel,7A,55,99,94,90,61,79.8,B,Pass
STU0167,Saravanan Vasudevan,10A,57,78,84,97,75,78.2,B,Pass
STU0168,Priya Reddy,10A,47,75,77,49,72,64,C,Pass
STU0169,Mahesh Chandran,9A,73,32,60,74,60,59.8,D,Fail
STU0170,Shruti Verma,7A,80,28,31,30,31,40,E,Fail
STU0171,Bhavana Reddy,8B,36,91,27,95,91,68,C,Fail
STU0172,Sandhya Gupta,6B,72,65,74,26,56,58.6,D,Fail
STU0173,Zara Singh,8B,33,93,84,47,39,59.2,D,Fail
STU0174,Hariharan Pillai,6B,64,91,67,34,55,62.2,C,Fail
STU0175,Uma Pillai,9A,91,99,98,91,23,80.4,A,Fail
STU0176,Akash Raj,6A,43,54,59,63,64,56.6,D,Pass
STU0177,Aarav Iyer,7A,92,71,28,38,23,50.4,D,Fail
STU0178,Diya Pandian,7B,68,73,78,63,40,64.4,C,Pass
STU0179,Bala Singh,8B,92,96,30,26,39,56.6,D,Fail
STU0180,Karthik Vasudevan,6A,30,54,76,74,82,63.2,C,Fail
STU0181,Akash Chandran,9A,54,47,85,34,64,56.8,D,Fail
STU0182,Bhavana Reddy,8A,95,82,87,59,25,69.6,C,Fail
STU0183,Sandeep Rao,10B,27,20,46,58,47,39.6,E,Fail
STU0184,Pooja Raj,8A,61,35,20,83,75,54.8,D,Fail
STU0185,Ramesh Nair,9A,88,49,84,91,65,75.4,B,Pass
STU0186,Rohan Rao,6A,75,22,78,29,60,52.8,D,Fail
STU0187,Uma Naidu,10B,71,73,57,34,71,61.2,C,Fail
STU0188,Aditya Gupta,7A,99,78,66,31,75,69.8,C,Fail
STU0189,Sneha Pillai,9A,95,71,87,30,70,70.6,B,Fail
STU0190,Varsha Gupta,7B,62,41,29,85,34,50.2,D,Fail
STU0191,Naresh Pandian,7B,64,64,38,50,33,49.8,E,Fail
STU0192,Neha Raj,7B,42,97,39,29,42,49.8,E,Fail
STU0193,Jagan Chandran,10B,94,77,92,99,61,84.6,A,Pass
STU0194,Surya Nair,9B,28,80,76,100,58,68.4,C,Fail
STU0195,Deepika Krishnan,6A,65,84,29,59,79,63.2,C,Fail
STU0196,Devi Sharma,6A,67,56,29,31,98,56.2,D,Fail
STU0197,Zara Pandian,9A,79,94,90,25,77,73,B,Fail
STU0198,Uma Menon,8B,97,80,84,39,27,65.4,C,Fail
STU0199,Devi Reddy,8B,30,84,42,25,51,46.4,E,Fail
STU0200,Chitra Chandran,10A,86,98,40,66,67,71.4,B,Pass
STU0201,Nisha Rao,9A,63,96,26,100,62,69.4,C,Fail
STU0202,Ishaan Gupta,6B,91,69,56,52,97,73,B,Pass
STU0203,Meera Gupta,6B,94,38,64,59,70,65,C,Pass
STU0204,Aditi Vasudevan,6B,59,91,68,62,36,63.2,C,Pass
STU0205,Naresh Patel,9A,85,66,22,66,59,59.6,D,Fail
STU0206,Vijay Menon,8B,82,44,48,37,39,50,D,Pass
STU0207,Rohan Singh,6B,84,89,87,24,63,69.4,C,Fail
STU0208,Charan Nair,10B,68,39,40,43,99,57.8,D,Pass
STU0209,Suresh Chandran,6A,72,66,50,76,98,72.4,B,Pass
STU0210,Nisha Chandran,7B,88,50,59,80,44,64.2,C,Pass
STU0211,Bala Krishnan,9B,79,56,68,84,87,74.8,B,Pass
STU0212,Tanya Iyer,7B,97,37,52,26,81,58.6,D,Fail
STU0213,Bala Subramaniam,6B,86,35,56,30,40,49.4,E,Fail
STU0214,Swathi Chandran,10A,38,75,31,48,77,53.8,D,Fail
STU0215,Prakash Kumar,9A,26,70,84,67,50,59.4,D,Fail
STU0216,Vignesh Patel,8B,48,23,60,32,62,45,E,Fail
STU0217,Neha Nair,6A,56,80,37,80,77,66,C,Pass
STU0218,Bharath Kumar,6B,22,52,47,39,90,50,D,Fail
STU0219,Akash Pandian,9A,34,56,50,58,35,46.6,E,Fail
STU0220,Reyansh Pillai,9A,99,78,28,34,83,64.4,C,Fail
STU0221,Zara Subramaniam,6A,100,85,93,50,38,73.2,B,Pass
STU0222,Pavithra Naidu,6A,98,65,50,93,73,75.8,B,Pass
STU0223,Vijay Patel,10A,66,28,87,89,84,70.8,B,Fail
STU0224,Kiran Subramaniam,6A,69,80,25,69,67,62,C,Fail
STU0225,Shruti Kumar,8B,28,64,50,100,33,55,D,Fail
STU0226,Vidya Gupta,7A,25,65,89,63,42,56.8,D,Fail
STU0227,Farida Murthy,7A,37,28,78,24,57,44.8,E,Fail
STU0228,Praveen Sharma,7B,25,60,59,85,70,59.8,D,Fail
STU0229,Pranav Murthy,8A,24,44,56,65,26,43,E,Fail
STU0230,Ganesh Raj,6B,67,75,71,76,69,71.6,B,Pass
STU0231,Mahesh Iyer,9B,83,67,86,54,30,64,C,Fail
STU0232,Yamini Patel,9A,97,43,89,57,61,69.4,C,Pass
STU0233,Sneha Patel,8B,57,59,77,97,74,72.8,B,Pass
STU0234,Suresh Chandran,8B,77,25,65,98,75,68,C,Fail
STU0235,Deepika Sharma,6B,71,66,85,40,23,57,D,Fail
STU0236,Neha Vasudevan,9B,24,36,28,50,66,40.8,E,Fail
STU0237,Murali Rao,10B,24,97,39,77,67,60.8,C,Fail
STU0238,Bala Chandran,6B,93,37,87,66,70,70.6,B,Pass
STU0239,Surya Raj,7B,34,23,43,83,86,53.8,D,Fail
STU0240,Vignesh Subramaniam,6B,53,53,77,47,98,65.6,C,Pass
STU0241,Nisha Murthy,7B,35,37,29,77,42,44,E,Fail
STU0242,Chitra Patel,8B,64,28,90,89,57,65.6,C,Fail
STU0243,Keerthana Iyer,7A,66,85,48,35,45,55.8,D,Pass
STU0244,Pooja Pillai,9B,23,66,90,93,67,67.8,C,Fail
STU0245,Farida Subramaniam,7A,98,31,28,59,70,57.2,D,Fail
STU0246,Hariharan Pandian,9A,72,93,29,36,60,58,D,Fail
STU0247,Rohan Chandran,9B,86,64,36,90,95,74.2,B,Pass
STU0248,Vijay Nair,9A,84,27,35,86,39,54.2,D,Fail
STU0249,Keerthana Iyer,7A,61,48,64,86,56,63,C,Pass
STU0250,Ananya Raj,7B,90,55,36,100,58,67.8,C,Pass
STU0251,Bharath Subramaniam,6B,84,41,95,94,39,70.6,B,Pass
STU0252,Suresh Vasudevan,10B,63,92,25,23,30,46.6,E,Fail
STU0253,Sai Krishnan,8A,46,93,73,99,23,66.8,C,Fail
STU0254,Jagan Subramaniam,8A,58,81,51,71,58,63.8,C,Pass
STU0255,Esther Patel,6A,40,76,73,81,79,69.8,C,Pass
STU0256,Dinesh Gupta,10B,38,60,60,64,71,58.6,D,Pass
STU0257,Aditi Verma,10A,91,33,60,50,79,62.6,C,Fail
STU0258,Riya Raj,9B,51,38,32,26,57,40.8,E,Fail
STU0259,Vignesh Vasudevan,9A,51,40,61,93,60,61,C,Pass
STU0260,Naveen Iyer,9B,85,79,83,59,83,77.8,B,Pass
STU0261,Aditya Patel,9A,84,78,50,47,94,70.6,B,Pass
STU0262,Senthil Sharma,6A,56,83,96,80,56,74.2,B,Pass
STU0263,Omkar Kumar,6B,75,37,53,66,71,60.4,C,Pass
STU0264,Murali Sharma,9A,26,92,91,44,66,63.8,C,Fail
STU0265,Ramya Singh,6B,69,84,77,90,55,75,B,Pass
STU0266,Charan Vasudevan,6B,36,32,70,67,63,53.6,D,Fail
STU0267,Sandhya Verma,7A,45,97,85,71,84,76.4,B,Pass
STU0268,Sai Sharma,6A,37,62,80,86,78,68.6,C,Pass
STU0269,Meera Vasudevan,10A,37,61,98,60,40,59.2,D,Pass
STU0270,Lavanya Vasudevan,8A,95,63,84,85,88,83,A,Pass
STU0271,Imran Krishnan,8A,80,22,67,62,34,53,D,Fail
STU0272,Tanya Krishnan,8A,100,23,96,80,53,70.4,B,Fail
STU0273,Vidya Krishnan,7B,26,94,81,41,87,65.8,C,Fail
STU0274,Charan Rao,7A,51,24,93,34,44,49.2,E,Fail
STU0275,Aditya Chandran,8B,73,39,72,46,72,60.4,C,Pass
STU0276,Kiran Vasudevan,9B,27,37,86,46,91,57.4,D,Fail
STU0277,Hari Murthy,10A,68,60,42,78,88,67.2,C,Pass
STU0278,Mahesh Subramaniam,8B,53,98,81,44,51,65.4,C,Pass
STU0279,Deepika Subramaniam,8A,48,58,56,46,82,58,D,Pass
STU0280,Surya Murthy,8B,91,55,56,35,93,66,C,Pass
STU0281,Pranav Rao,9A,64,38,57,25,56,48,E,Fail
STU0282,Ananya Verma,9B,52,81,47,45,88,62.6,C,Pass
STU0283,Swathi Subramaniam,8A,37,33,98,95,50,62.6,C,Fail
STU0284,Divya Sharma,10A,48,49,26,32,72,45.4,E,Fail
STU0285,Ganesh Murthy,6B,37,20,90,40,72,51.8,D,Fail
STU0286,Gokul Murthy,7B,56,61,56,27,31,46.2,E,Fail
STU0287,Uma Pillai,10A,24,42,73,42,24,41,E,Fail
STU0288,Lavanya Murthy,7A,57,24,21,58,92,50.4,D,Fail
STU0289,Akash Reddy,8B,56,78,89,87,83,78.6,B,Pass
STU0290,Pooja Pandian,9B,54,44,34,62,40,46.8,E,Fail
STU0291,Esther Raj,7A,21,63,57,92,44,55.4,D,Fail
STU0292,Ramesh Vasudevan,9A,74,85,61,31,71,64.4,C,Fail
STU0293,Priya Iyer,7A,81,61,51,20,53,53.2,D,Fail
STU0294,Vignesh Pillai,9B,54,62,58,94,93,72.2,B,Pass
STU0295,Vivaan Raj,8B,50,27,35,79,59,50,D,Fail
STU0296,Karthik Rao,10A,59,35,57,67,98,63.2,C,Pass
STU0297,Sandeep Pillai,7A,81,39,78,97,67,72.4,B,Pass
STU0298,Tanya Subramaniam,9B,88,47,51,96,30,62.4,C,Fail
STU0299,Naresh Chandran,10A,66,29,92,34,27,49.6,E,Fail
STU0300,Ramya Pandian,7B,93,88,39,41,61,64.4,C,Pass
STU0301,Mukesh Chandran,6B,46,94,82,31,85,67.6,C,Fail
STU0302,Devi Sharma,9B,36,85,73,78,92,72.8,B,Pass
STU0303,Krishna Subramaniam,9B,59,22,70,52,20,44.6,E,Fail
STU0304,Manoj Krishnan,6B,25,74,64,28,89,56,D,Fail
STU0305,Krishna Patel,9B,24,56,72,43,37,46.4,E,Fail
STU0306,Tanya Verma,9A,77,68,68,30,89,66.4,C,Fail
STU0307,Pooja Verma,6B,42,88,70,87,36,64.6,C,Pass
STU0308,Sandeep Kumar,6A,58,79,89,74,88,77.6,B,Pass
STU0309,Saravanan Pillai,7B,78,64,39,55,44,56,D,Pass
STU0310,Kavya Sharma,9A,98,22,50,46,28,48.8,E,Fail
STU0311,Priya Vasudevan,6A,77,96,26,51,25,55,D,Fail
STU0312,Madhumitha Chandran,7B,89,47,27,37,84,56.8,D,Fail
STU0313,Pavithra Pillai,10B,60,93,96,61,50,72,B,Pass
STU0314,Keerthana Nair,10A,48,72,58,55,27,52,D,Fail
STU0315,Sandhya Krishnan,7A,100,74,91,83,26,74.8,B,Fail
STU0316,Prakash Rao,10A,60,73,72,39,58,60.4,C,Pass
STU0317,Saravanan Iyer,10A,80,50,48,58,38,54.8,D,Pass
STU0318,Farida Sharma,10A,72,73,91,87,37,72,B,Pass
STU0319,Vignesh Pillai,8A,46,62,30,77,67,56.4,D,Fail
STU0320,Diya Subramaniam,7B,26,54,68,97,97,68.4,C,Fail
STU0321,Sai Patel,7B,95,91,47,81,46,72,B,Pass
STU0322,Ganesh Singh,6A,47,44,35,81,51,51.6,D,Pass
STU0323,Akash Menon,9A,50,90,61,56,68,65,C,Pass
STU0324,Farida Subramaniam,8B,59,53,66,85,83,69.2,C,Pass
STU0325,Farida Reddy,9B,60,46,67,60,72,61,C,Pass
STU0326,Sai Krishnan,7B,38,22,53,90,94,59.4,D,Fail
STU0327,Vidya Naidu,8A,39,45,62,49,68,52.6,D,Pass
STU0328,Tara Pillai,9B,90,63,52,82,82,73.8,B,Pass
STU0329,Esther Iyer,8B,41,37,89,82,43,58.4,D,Pass
STU0330,Pranav Sharma,10A,24,29,26,20,72,34.2,F,Fail
STU0331,Pooja Pillai,6B,39,21,47,84,78,53.8,D,Fail
STU0332,Bala Sharma,10B,98,81,82,22,20,60.6,C,Fail
STU0333,Omkar Subramaniam,9A,21,22,87,55,88,54.6,D,Fail
STU0334,Nisha Kumar,10A,75,42,33,32,87,53.8,D,Fail
STU0335,Meera Pillai,7B,99,87,52,65,54,71.4,B,Pass
STU0336,Lavanya Patel,8B,71,78,92,51,48,68,C,Pass
STU0337,Keerthana Patel,6A,31,71,68,68,90,65.6,C,Fail
STU0338,Gokul Sharma,6A,41,30,83,75,62,58.2,D,Fail
STU0339,Tara Reddy,10A,25,49,47,92,80,58.6,D,Fail
STU0340,Swathi Sharma,6B,55,89,92,24,42,60.4,C,Fail
STU0341,Surya Kumar,7B,95,38,70,29,58,58,D,Fail
STU0342,Karthik Krishnan,7B,92,69,89,62,69,76.2,B,Pass
STU0343,Pooja Patel,10A,64,26,32,75,49,49.2,E,Fail
STU0344,Rohan Gupta,10B,98,96,70,61,23,69.6,C,Fail
STU0345,Swathi Chandran,9B,49,65,90,68,75,69.4,C,Pass
STU0346,Vijay Krishnan,9A,30,99,57,51,29,53.2,D,Fail
STU0347,Ananya Raj,7A,68,39,69,60,66,60.4,C,Pass
STU0348,Sneha Patel,6A,59,76,66,54,33,57.6,D,Fail
STU0349,Aditi Patel,7A,75,77,91,91,85,83.8,A,Pass
STU0350,Sowmya Reddy,6A,31,65,90,31,96,62.6,C,Fail
STU0351,Zara Gupta,9A,21,57,72,69,30,49.8,E,Fail
STU0352,Sandhya Pillai,10B,86,41,68,41,37,54.6,D,Pass
STU0353,Swathi Singh,8A,83,38,28,41,75,53,D,Fail
STU0354,Deepika Naidu,8A,81,29,66,52,51,55.8,D,Fail
STU0355,Jagan Vasudevan,10B,45,78,33,37,58,50.2,D,Fail
STU0356,Aarav Rao,8B,99,68,62,76,62,73.4,B,Pass
STU0357,Bhavana Vasudevan,7A,58,61,97,45,81,68.4,C,Pass
STU0358,Surya Iyer,9A,60,57,82,93,51,68.6,C,Pass
STU0359,Hari Rao,8A,70,66,34,92,45,61.4,C,Fail
STU0360,Yasmin Subramaniam,7A,90,23,79,46,76,62.8,C,Fail
STU0361,Pavithra Patel,9A,83,37,58,50,52,56,D,Pass
STU0362,Meera Naidu,9A,29,77,96,81,94,75.4,B,Fail
STU0363,Madhumitha Subramaniam,10A,73,89,24,66,88,68,C,Fail
STU0364,Zara Patel,6B,51,65,41,98,25,56,D,Fail
STU0365,Tara Rao,8B,75,33,21,32,53,42.8,E,Fail
STU0366,Sandeep Pandian,10A,91,94,93,48,77,80.6,A,Pass
STU0367,Bala Rao,9B,95,84,39,64,23,61,C,Fail
STU0368,Hariharan Reddy,8A,73,30,34,38,64,47.8,E,Fail
STU0369,Varsha Gupta,9B,46,86,81,64,80,71.4,B,Pass
STU0370,Priya Chandran,9B,60,28,58,25,34,41,E,Fail
STU0371,Aditya Gupta,6B,41,51,86,42,90,62,C,Pass
STU0372,Karthik Gupta,10A,74,79,49,71,100,74.6,B,Pass
STU0373,Vijay Iyer,9A,70,23,98,45,77,62.6,C,Fail
STU0374,Yasmin Naidu,9A,20,47,46,55,28,39.2,E,Fail
STU0375,Uma Reddy,10A,43,66,61,45,78,58.6,D,Pass
STU0376,Kavya Raj,9B,87,60,96,69,98,82,A,Pass
STU0377,Lavanya Krishnan,6B,64,65,78,99,42,69.6,C,Pass
STU0378,Keerthana Vasudevan,10B,30,37,60,35,50,42.4,E,Fail
STU0379,Varsha Reddy,7A,67,38,85,69,73,66.4,C,Pass
STU0380,Zara Nair,10B,69,74,43,82,88,71.2,B,Pass
STU0381,Ramesh Subramaniam,7A,82,56,37,43,60,55.6,D,Pass
STU0382,Devi Vasudevan,6A,65,21,82,37,44,49.8,E,Fail
STU0383,Vignesh Subramaniam,10A,83,72,82,73,76,77.2,B,Pass
STU0384,Imran Iyer,6B,92,23,48,57,24,48.8,E,Fail
STU0385,Deepika Pillai,10A,56,41,78,92,83,70,B,Pass
STU0386,Ramya Pandian,6B,93,34,54,89,66,67.2,C,Fail
STU0387,Pranav Sharma,9B,89,47,74,33,51,58.8,D,Fail
STU0388,Keerthana Sharma,9B,53,64,31,76,35,51.8,D,Fail
STU0389,Lakshmi Menon,10B,64,98,100,74,41,75.4,B,Pass
STU0390,Bharath Nair,7B,46,27,92,64,88,63.4,C,Fail
STU0391,Deepika Vasudevan,10A,41,61,57,57,93,61.8,C,Pass
STU0392,Swathi Pandian,6B,37,72,27,55,36,45.4,E,Fail
STU0393,Aditi Pillai,7A,61,51,70,82,38,60.4,C,Pass
STU0394,Uma Raj,9A,68,77,29,31,71,55.2,D,Fail
STU0395,Logesh Raj,8B,78,82,61,94,20,67,C,Fail
STU0396,Diya Chandran,8B,28,88,70,47,74,61.4,C,Fail
STU0397,Manoj Murthy,8A,61,56,63,90,93,72.6,B,Pass
STU0398,Aditi Krishnan,9B,63,26,25,32,100,49.2,E,Fail
STU0399,Esther Kumar,6B,40,76,78,20,74,57.6,D,Fail
STU0400,Praveen Nair,8A,40,55,31,66,52,48.8,E,Fail
STU0401,Ananya Verma,7A,26,70,100,59,49,60.8,C,Fail
STU0402,Yamini Patel,6B,20,47,81,29,36,42.6,E,Fail
STU0403,Yasmin Pillai,10A,76,21,21,63,35,43.2,E,Fail
STU0404,Yamini Nair,9B,29,49,69,31,33,42.2,E,Fail
STU0405,Sneha Gupta,8B,58,37,68,37,38,47.6,E,Pass
STU0406,Ishaan Pandian,10B,21,98,41,76,64,60,C,Fail
STU0407,Manoj Nair,9A,98,76,47,31,32,56.8,D,Fail
STU0408,Pooja Reddy,10B,69,64,74,60,37,60.8,C,Pass
STU0409,Divya Raj,6B,51,90,96,96,97,86,A,Pass
STU0410,Nisha Kumar,8A,46,86,97,85,44,71.6,B,Pass
STU0411,Lavanya Singh,6A,50,83,69,34,50,57.2,D,Fail
STU0412,Jagan Vasudevan,6B,87,21,66,60,36,54,D,Fail
STU0413,Vignesh Krishnan,9A,66,89,42,80,29,61.2,C,Fail
STU0414,Aditya Krishnan,6B,21,53,47,25,27,34.6,F,Fail
STU0415,Lavanya Pandian,8A,100,84,73,74,71,80.4,A,Pass
STU0416,Ananya Subramaniam,10A,98,39,55,30,59,56.2,D,Fail
STU0417,Ananya Pandian,7B,39,88,61,70,95,70.6,B,Pass
STU0418,Ishaan Singh,9A,50,27,51,31,75,46.8,E,Fail
STU0419,Kavya Chandran,10B,97,27,59,42,35,52,D,Fail
STU0420,Vivaan Nair,6A,40,83,64,86,86,71.8,B,Pass
STU0421,Anjali Iyer,8B,36,54,35,23,62,42,E,Fail
STU0422,Yamini Raj,10A,28,53,93,100,29,60.6,C,Fail
STU0423,Jagan Chandran,10A,66,27,83,92,41,61.8,C,Fail
STU0424,Bala Iyer,8A,33,93,34,49,85,58.8,D,Fail
STU0425,Aarav Sharma,6A,51,25,80,66,69,58.2,D,Fail
STU0426,Meera Iyer,6A,90,73,48,61,51,64.6,C,Pass
STU0427,Tanya Gupta,8A,29,93,67,35,84,61.6,C,Fail
STU0428,Reyansh Iyer,7B,86,25,71,28,79,57.8,D,Fail
STU0429,Nisha Singh,8B,31,90,78,21,67,57.4,D,Fail
STU0430,Praveen Singh,10B,58,99,51,79,67,70.8,B,Pass
STU0431,Yasmin Murthy,7B,89,51,39,20,72,54.2,D,Fail
STU0432,Vihaan Pillai,10A,64,21,62,20,68,47,E,Fail
STU0433,Varsha Reddy,7B,87,50,73,82,27,63.8,C,Fail
STU0434,Neha Raj,6B,25,49,86,72,67,59.8,D,Fail
STU0435,Esther Patel,10B,32,84,37,70,29,50.4,D,Fail
STU0436,Yasmin Krishnan,6A,75,36,50,57,53,54.2,D,Pass
STU0437,Surya Rao,8B,60,77,54,49,29,53.8,D,Fail
STU0438,Praveen Nair,10B,33,39,33,41,77,44.6,E,Fail
STU0439,Farida Gupta,9A,35,88,65,46,77,62.2,C,Pass
STU0440,Varsha Chandran,8A,35,31,40,58,97,52.2,D,Fail
STU0441,Sai Menon,8B,38,31,51,65,70,51,D,Fail
STU0442,Logesh Sharma,8A,53,42,23,71,77,53.2,D,Fail
STU0443,Sandhya Subramaniam,7B,32,79,33,37,35,43.2,E,Fail
STU0444,Vivaan Sharma,7B,36,45,71,67,100,63.8,C,Pass
STU0445,Ananya Krishnan,10B,53,29,22,28,45,35.4,E,Fail
STU0446,Chitra Nair,6B,62,35,25,79,26,45.4,E,Fail
STU0447,Suresh Krishnan,9A,70,83,23,68,74,63.6,C,Fail
STU0448,Ramesh Verma,7B,43,55,55,77,39,53.8,D,Pass
STU0449,Arjun Vasudevan,10B,98,51,57,83,72,72.2,B,Pass
STU0450,Ramya Murthy,6A,31,55,69,37,73,53,D,Fail
STU0451,Praveen Pandian,7B,100,89,22,68,65,68.8,C,Fail
STU0452,Hariharan Subramaniam,9B,64,92,84,61,69,74,B,Pass
STU0453,Swathi Iyer,6A,60,96,48,23,55,56.4,D,Fail
STU0454,Krishna Murthy,10A,65,94,49,40,32,56,D,Fail
STU0455,Divya Pillai,8A,88,27,48,93,69,65,C,Fail
STU0456,Senthil Iyer,7A,50,95,60,65,95,73,B,Pass
STU0457,Vihaan Verma,10B,92,38,92,44,83,69.8,C,Pass
STU0458,Pranav Singh,7A,82,24,31,27,49,42.6,E,Fail
STU0459,Akash Pillai,6A,87,81,20,62,98,69.6,C,Fail
STU0460,Praveen Nair,8B,42,61,27,22,38,38,E,Fail
STU0461,Yasmin Nair,6B,87,66,29,67,70,63.8,C,Fail
STU0462,Yasmin Reddy,8B,58,61,37,40,75,54.2,D,Pass
STU0463,Imran Gupta,7A,91,98,65,48,95,79.4,B,Pass
STU0464,Ramesh Rao,8A,57,36,42,20,93,49.6,E,Fail
STU0465,Lavanya Krishnan,6A,43,97,60,98,48,69.2,C,Pass
STU0466,Tara Reddy,9B,38,62,29,50,64,48.6,E,Fail
STU0467,Surya Iyer,6B,62,77,21,53,46,51.8,D,Fail
STU0468,Divya Patel,8B,52,33,20,26,69,40,E,Fail
STU0469,Chitra Naidu,7A,72,83,68,64,89,75.2,B,Pass
STU0470,Saravanan Reddy,9B,93,48,40,77,29,57.4,D,Fail
STU0471,Arjun Singh,6A,60,53,33,29,63,47.6,E,Fail
STU0472,Suresh Rao,7A,29,90,31,63,96,61.8,C,Fail
STU0473,Bharath Murthy,6A,75,41,97,75,40,65.6,C,Pass
STU0474,Reyansh Reddy,8B,46,44,72,90,89,68.2,C,Pass
STU0475,Anjali Singh,8A,50,32,26,70,93,54.2,D,Fail
STU0476,Ramya Murthy,7A,26,66,20,74,31,43.4,E,Fail
STU0477,Pavithra Vasudevan,9B,45,32,23,46,41,37.4,E,Fail
STU0478,Pavithra Patel,9B,34,59,70,80,82,65,C,Fail
STU0479,Anjali Patel,10A,69,43,67,68,67,62.8,C,Pass
STU0480,Vijay Chandran,6A,53,76,79,53,48,61.8,C,Pass
STU0481,Swathi Krishnan,6A,39,32,30,64,89,50.8,D,Fail
STU0482,Sowmya Krishnan,7B,90,27,69,86,73,69,C,Fail
STU0483,Omkar Murthy,10B,50,80,58,30,70,57.6,D,Fail
STU0484,Arjun Pandian,10B,86,93,99,38,35,70.2,B,Pass
STU0485,Devi Iyer,7A,47,44,36,25,74,45.2,E,Fail
STU0486,Ananya Naidu,7B,100,38,96,53,60,69.4,C,Pass
STU0487,Ishaan Patel,9A,91,70,90,61,55,73.4,B,Pass
STU0488,Mukesh Chandran,6A,99,95,86,73,34,77.4,B,Fail
STU0489,Tanya Nair,7A,92,95,94,32,33,69.2,C,Fail
STU0490,Tara Reddy,8A,88,64,72,53,69,69.2,C,Pass
STU0491,Imran Krishnan,10B,80,24,42,55,71,54.4,D,Fail
STU0492,Neha Vasudevan,10B,71,24,70,62,50,55.4,D,Fail
STU0493,Reyansh Murthy,8A,67,22,63,58,59,53.8,D,Fail
STU0494,Deepika Murthy,6B,49,37,58,76,61,56.2,D,Pass
STU0495,Swathi Naidu,10B,31,44,76,47,72,54,D,Fail
STU0496,Imran Pandian,8B,27,85,40,28,59,47.8,E,Fail
STU0497,Kiran Rao,7A,87,92,23,42,44,57.6,D,Fail
STU0498,Praveen Sharma,7B,24,78,26,66,45,47.8,E,Fail
STU0499,Deepika Verma,9B,84,70,35,23,50,52.4,D,Fail
STU0500,Bala Murthy,10B,77,42,80,95,90,76.8,B,Pass
STU0501,Prakash Verma,7A,53,31,56,23,69,46.4,E,Fail
STU0502,Reyansh Iyer,10B,47,48,48,46,54,48.6,E,Pass
STU0503,Sowmya Pandian,6A,21,80,36,42,96,55,D,Fail
STU0504,Vivaan Pillai,8A,97,59,55,74,68,70.6,B,Pass
STU0505,Prakash Chandran,8A,47,79,58,86,99,73.8,B,Pass
STU0506,Lavanya Krishnan,6B,20,85,67,91,96,71.8,B,Fail
STU0507,Akash Singh,8A,33,81,28,63,55,52,D,Fail
STU0508,Hari Raj,8A,58,44,39,86,50,55.4,D,Pass
STU0509,Krishna Vasudevan,9A,60,37,23,83,57,52,D,Fail
STU0510,Anjali Naidu,9A,69,24,94,93,44,64.8,C,Fail
STU0511,Mahesh Pillai,10A,80,65,84,58,41,65.6,C,Pass
STU0512,Sandhya Iyer,8A,32,80,36,53,91,58.4,D,Fail
STU0513,Vijay Gupta,6B,48,65,48,59,73,58.6,D,Pass
STU0514,Ganesh Verma,8A,94,57,79,35,80,69,C,Pass
STU0515,Reyansh Krishnan,10B,99,29,80,44,84,67.2,C,Fail
STU0516,Riya Rao,10A,58,72,26,39,37,46.4,E,Fail
STU0517,Praveen Gupta,9A,92,78,38,60,43,62.2,C,Pass
STU0518,Ananya Murthy,8B,100,42,60,27,20,49.8,E,Fail
STU0519,Devi Raj,7B,41,93,40,82,31,57.4,D,Fail
STU0520,Aditi Vasudevan,9A,74,71,74,81,69,73.8,B,Pass
STU0521,Aarav Sharma,10A,45,67,21,61,87,56.2,D,Fail
STU0522,Naveen Kumar,6A,100,51,48,64,59,64.4,C,Pass
STU0523,Aditi Reddy,9A,84,95,59,41,28,61.4,C,Fail
STU0524,Sai Singh,8A,78,86,96,87,63,82,A,Pass
STU0525,Bhavana Nair,8B,82,65,44,41,71,60.6,C,Pass
STU0526,Aditya Pillai,7B,36,47,22,95,84,56.8,D,Fail
STU0527,Suresh Reddy,8B,24,68,52,88,99,66.2,C,Fail
STU0528,Reyansh Vasudevan,6A,33,22,26,34,73,37.6,E,Fail
STU0529,Chitra Rao,6B,90,52,80,39,46,61.4,C,Pass
STU0530,Vivaan Singh,9A,32,86,54,99,97,73.6,B,Fail
STU0531,Pooja Naidu,6B,85,99,35,56,34,61.8,C,Fail
STU0532,Sneha Murthy,7B,97,45,53,86,45,65.2,C,Pass
STU0533,Senthil Naidu,8A,40,25,90,83,46,56.8,D,Fail
STU0534,Hariharan Gupta,7B,20,21,31,34,93,39.8,E,Fail
STU0535,Jagan Nair,6B,85,29,32,52,49,49.4,E,Fail
STU0536,Esther Singh,8A,79,26,32,42,25,40.8,E,Fail
STU0537,Pavithra Verma,8B,74,34,32,25,21,37.2,E,Fail
STU0538,Pooja Iyer,8B,65,76,99,54,31,65,C,Fail
STU0539,Bala Gupta,7A,34,71,71,78,54,61.6,C,Fail
STU0540,Vignesh Murthy,9A,41,34,36,27,40,35.6,E,Fail
STU0541,Sneha Naidu,10B,81,92,76,43,98,78,B,Pass
STU0542,Saravanan Verma,10B,23,36,81,82,34,51.2,D,Fail
STU0543,Sowmya Chandran,6A,28,53,60,21,87,49.8,E,Fail
STU0544,Uma Krishnan,7B,63,86,86,99,32,73.2,B,Fail
STU0545,Bhavana Pillai,9B,64,69,39,91,98,72.2,B,Pass
STU0546,Reyansh Kumar,7A,84,80,83,41,29,63.4,C,Fail
STU0547,Imran Gupta,7B,62,55,26,84,48,55,D,Fail
STU0548,Ramya Rao,9A,50,30,78,76,93,65.4,C,Fail
STU0549,Devi Patel,9B,77,60,35,83,22,55.4,D,Fail
STU0550,Sneha Rao,9A,24,91,90,20,31,51.2,D,Fail
STU0551,Akash Vasudevan,8A,85,91,46,78,63,72.6,B,Pass
STU0552,Murali Sharma,7B,78,62,91,99,96,85.2,A,Pass
STU0553,Gokul Verma,9B,34,32,48,20,63,39.4,E,Fail
STU0554,Senthil Singh,10A,86,67,33,25,41,50.4,D,Fail
STU0555,Jagan Nair,9A,33,52,98,45,44,54.4,D,Fail
STU0556,Riya Rao,7B,78,44,63,33,73,58.2,D,Fail
STU0557,Sai Krishnan,6B,77,78,95,84,37,74.2,B,Pass
STU0558,Jagan Kumar,10A,26,90,75,94,81,73.2,B,Fail
STU0559,Logesh Iyer,10B,42,36,33,69,96,55.2,D,Fail
STU0560,Akash Gupta,10A,69,73,97,51,55,69,C,Pass
STU0561,Lavanya Gupta,8A,77,37,37,72,97,64,C,Pass
STU0562,Logesh Singh,10A,60,90,100,47,45,68.4,C,Pass
STU0563,Dinesh Vasudevan,8A,64,36,42,84,89,63,C,Pass
STU0564,Hari Reddy,8B,91,81,94,93,73,86.4,A,Pass
STU0565,Omkar Singh,9A,21,86,33,23,68,46.2,E,Fail
STU0566,Neha Sharma,6A,45,54,40,56,52,49.4,E,Pass
STU0567,Neha Sharma,8A,46,89,24,65,77,60.2,C,Fail
STU0568,Sneha Vasudevan,10A,48,91,69,50,85,68.6,C,Pass
STU0569,Nisha Sharma,9A,69,73,60,90,26,63.6,C,Fail
STU0570,Vivaan Raj,7B,99,76,48,67,95,77,B,Pass
STU0571,Pranav Vasudevan,7B,44,57,77,42,29,49.8,E,Fail
STU0572,Vijay Iyer,10A,35,68,25,74,55,51.4,D,Fail
STU0573,Sandhya Raj,7A,40,94,52,20,62,53.6,D,Fail
STU0574,Farida Nair,6A,39,61,96,26,100,64.4,C,Fail
STU0575,Bharath Singh,9B,93,90,65,29,60,67.4,C,Fail
STU0576,Naresh Pillai,7A,86,28,84,40,73,62.2,C,Fail
STU0577,Pranav Subramaniam,9A,31,64,48,47,62,50.4,D,Fail
STU0578,Ganesh Verma,8A,47,99,87,80,91,80.8,A,Pass
STU0579,Vivaan Reddy,8B,77,50,98,99,51,75,B,Pass
STU0580,Sai Gupta,9A,34,69,52,89,56,60,C,Fail
STU0581,Vihaan Pandian,8B,85,85,77,82,25,70.8,B,Fail
STU0582,Pavithra Menon,8B,85,30,32,41,88,55.2,D,Fail
STU0583,Omkar Kumar,6B,46,100,47,74,33,60,C,Fail
STU0584,Dinesh Subramaniam,9A,29,39,23,78,62,46.2,E,Fail
STU0585,Arjun Patel,6B,26,42,52,91,29,48,E,Fail
STU0586,Uma Pillai,8A,72,69,77,100,71,77.8,B,Pass
STU0587,Bhavana Gupta,6A,69,35,88,20,99,62.2,C,Fail
STU0588,Ishaan Krishnan,6A,29,65,84,33,57,53.6,D,Fail
STU0589,Keerthana Vasudevan,6B,56,76,68,70,23,58.6,D,Fail
STU0590,Gokul Iyer,10A,48,37,70,89,57,60.2,C,Pass
STU0591,Neha Singh,8B,21,90,91,38,35,55,D,Fail
STU0592,Sai Kumar,10B,96,70,88,90,30,74.8,B,Fail
STU0593,Varsha Menon,8B,47,72,85,38,40,56.4,D,Pass
STU0594,Vijay Pillai,10B,52,44,34,43,92,53,D,Fail
STU0595,Reyansh Subramaniam,9B,90,29,57,28,52,51.2,D,Fail
STU0596,Priya Menon,10B,82,62,65,36,50,59,D,Pass
STU0597,Priya Singh,10B,28,44,60,82,77,58.2,D,Fail
STU0598,Ganesh Vasudevan,8A,94,39,92,92,66,76.6,B,Pass
STU0599,Surya Naidu,7A,20,60,51,48,75,50.8,D,Fail
STU0600,Deepika Verma,7A,62,81,79,77,65,72.8,B,Pass
STU0601,Varsha Murthy,10A,33,42,97,30,55,51.4,D,Fail
STU0602,Pooja Subramaniam,7B,53,100,29,29,22,46.6,E,Fail
STU0603,Kiran Kumar,10B,94,71,95,47,24,66.2,C,Fail
STU0604,Ramya Raj,10A,89,80,39,66,70,68.8,C,Pass
STU0605,Sandeep Krishnan,8A,37,79,84,85,31,63.2,C,Fail
STU0606,Lavanya Verma,10A,21,50,98,41,85,59,D,Fail
STU0607,Pooja Chandran,7A,42,92,92,38,81,69,C,Pass
STU0608,Senthil Sharma,7B,82,49,28,53,67,55.8,D,Fail
STU0609,Rajesh Sharma,7B,86,66,69,80,78,75.8,B,Pass
STU0610,Sai Sharma,8B,33,86,55,53,94,64.2,C,Fail
STU0611,Pranav Krishnan,7A,68,68,66,95,29,65.2,C,Fail
STU0612,Mukesh Raj,9A,48,86,71,65,64,66.8,C,Pass
STU0613,Imran Murthy,10B,20,84,37,76,41,51.6,D,Fail
STU0614,Rajesh Patel,10A,55,47,39,43,40,44.8,E,Pass
STU0615,Murali Vasudevan,6B,49,73,62,34,81,59.8,D,Fail
STU0616,Hariharan Murthy,7B,95,40,72,22,51,56,D,Fail
STU0617,Sai Nair,10B,95,40,37,100,85,71.4,B,Pass
STU0618,Sai Krishnan,7A,27,41,53,43,86,50,D,Fail
STU0619,Madhumitha Vasudevan,10B,22,56,30,47,77,46.4,E,Fail
STU0620,Akash Murthy,9B,41,48,72,96,38,59,D,Pass
STU0621,Vidya Iyer,10B,85,53,41,63,78,64,C,Pass
STU0622,Zara Krishnan,6B,49,68,69,36,33,51,D,Fail
STU0623,Aditya Menon,10A,84,73,39,97,32,65,C,Fail
STU0624,Ramesh Murthy,10B,96,24,88,84,35,65.4,C,Fail
STU0625,Diya Murthy,7A,97,89,20,75,86,73.4,B,Fail
STU0626,Tanya Verma,6A,87,74,49,81,68,71.8,B,Pass
STU0627,Prakash Krishnan,10B,32,74,37,52,81,55.2,D,Fail
STU0628,Rajesh Patel,8A,96,89,72,52,44,70.6,B,Pass
STU0629,Aarav Kumar,10B,86,35,86,20,68,59,D,Fail
STU0630,Dinesh Gupta,9A,66,33,39,74,94,61.2,C,Fail
STU0631,Shruti Raj,10A,74,92,66,98,55,77,B,Pass
STU0632,Lavanya Menon,9A,90,91,81,42,67,74.2,B,Pass
STU0633,Sandhya Subramaniam,9B,52,59,93,64,70,67.6,C,Pass
STU0634,Pooja Reddy,7B,77,40,32,47,85,56.2,D,Fail
STU0635,Madhumitha Gupta,10A,98,26,40,69,20,50.6,D,Fail
STU0636,Diya Nair,9B,96,75,31,28,53,56.6,D,Fail
STU0637,Sandeep Verma,6B,97,24,69,71,98,71.8,B,Fail
STU0638,Mukesh Singh,10B,27,42,83,76,21,49.8,E,Fail
STU0639,Praveen Pandian,8A,44,24,96,85,86,67,C,Fail
STU0640,Rajesh Vasudevan,7A,24,66,50,20,40,40,E,Fail
STU0641,Diya Raj,9A,65,70,71,95,45,69.2,C,Pass
STU0642,Mukesh Kumar,6B,31,90,56,91,94,72.4,B,Fail
STU0643,Prakash Verma,8A,48,97,44,78,71,67.6,C,Pass
STU0644,Uma Kumar,8A,42,72,84,33,91,64.4,C,Fail
STU0645,Rohan Pandian,8A,63,34,85,52,88,64.4,C,Fail
STU0646,Uma Raj,9B,68,92,81,51,63,71,B,Pass
STU0647,Esther Chandran,10B,23,81,34,53,28,43.8,E,Fail
STU0648,Saravanan Pillai,7B,60,72,65,86,88,74.2,B,Pass
STU0649,Vivaan Raj,7B,56,31,71,63,29,50,D,Fail
STU0650,Ramya Iyer,9B,60,65,47,93,54,63.8,C,Pass
STU0651,Vijay Menon,9B,45,50,50,53,46,48.8,E,Pass
STU0652,Rajesh Menon,7B,99,65,39,33,35,54.2,D,Fail
STU0653,Ananya Murthy,10B,20,89,25,81,67,56.4,D,Fail
STU0654,Charan Gupta,9B,93,55,82,43,85,71.6,B,Pass
STU0655,Deepika Rao,7B,93,36,26,87,74,63.2,C,Fail
STU0656,Hariharan Subramaniam,6A,84,64,70,42,78,67.6,C,Pass
STU0657,Riya Pandian,9B,60,21,21,46,68,43.2,E,Fail
STU0658,Vidya Reddy,8B,66,98,53,43,90,70,B,Pass
STU0659,Anjali Pillai,8A,80,98,63,66,43,70,B,Pass
STU0660,Jagan Naidu,7B,73,67,66,71,55,66.4,C,Pass
STU0661,Devi Iyer,10B,36,93,49,32,54,52.8,D,Fail
STU0662,Lakshmi Subramaniam,9A,68,45,38,39,80,54,D,Pass
STU0663,Vivaan Iyer,9A,83,37,100,86,88,78.8,B,Pass
STU0664,Surya Murthy,8A,52,91,92,26,70,66.2,C,Fail
STU0665,Priya Iyer,6A,47,52,80,100,32,62.2,C,Fail
STU0666,Devi Gupta,8A,66,66,91,91,52,73.2,B,Pass
STU0667,Prakash Kumar,9A,35,64,97,45,93,66.8,C,Pass
STU0668,Uma Subramaniam,7A,56,65,61,85,82,69.8,C,Pass
STU0669,Devi Patel,9A,98,56,79,100,38,74.2,B,Pass
STU0670,Suresh Gupta,9A,100,98,93,71,29,78.2,B,Fail
STU0671,Ananya Iyer,8B,49,60,60,57,54,56,D,Pass
STU0672,Akash Rao,8A,76,66,95,86,77,80,A,Pass
STU0673,Sowmya Iyer,7A,22,36,50,52,30,38,E,Fail
STU0674,Dinesh Iyer,9A,33,32,28,80,90,52.6,D,Fail
STU0675,Reyansh Kumar,9A,87,30,33,53,99,60.4,C,Fail
STU0676,Meera Patel,9A,59,49,51,56,76,58.2,D,Pass
STU0677,Aditi Nair,10A,41,23,24,65,61,42.8,E,Fail
STU0678,Gokul Chandran,10A,54,90,76,37,89,69.2,C,Pass
STU0679,Ramesh Krishnan,10B,78,100,92,75,87,86.4,A,Pass
STU0680,Omkar Singh,8B,81,89,49,31,76,65.2,C,Fail
STU0681,Varsha Verma,9A,53,39,58,21,20,38.2,E,Fail
STU0682,Mukesh Nair,8B,56,80,88,21,82,65.4,C,Fail
STU0683,Hariharan Singh,6A,75,57,96,49,20,59.4,D,Fail
STU0684,Ramya Verma,7B,72,91,75,70,51,71.8,B,Pass
STU0685,Karthik Rao,9A,48,53,30,74,100,61,C,Fail
STU0686,Lakshmi Pandian,10B,54,56,88,54,72,64.8,C,Pass
STU0687,Naveen Patel,7A,37,57,34,78,99,61,C,Fail
STU0688,Devi Raj,10B,82,44,61,22,39,49.6,E,Fail
STU0689,Reyansh Subramaniam,6A,43,33,56,54,36,44.4,E,Fail
STU0690,Chitra Kumar,7B,31,39,21,83,47,44.2,E,Fail
STU0691,Mahesh Naidu,8A,83,67,79,24,62,63,C,Fail
STU0692,Ananya Nair,6A,54,70,29,89,80,64.4,C,Fail
STU0693,Vijay Menon,8A,68,21,35,51,69,48.8,E,Fail
STU0694,Chitra Pillai,6A,45,78,32,86,46,57.4,D,Fail
STU0695,Gokul Rao,8A,61,40,100,25,90,63.2,C,Fail
STU0696,Mukesh Reddy,8A,81,58,45,66,26,55.2,D,Fail
STU0697,Manoj Reddy,7B,75,61,21,41,55,50.6,D,Fail
STU0698,Vidya Reddy,9A,51,21,25,94,80,54.2,D,Fail
STU0699,Zara Nair,8B,31,51,40,83,31,47.2,E,Fail
STU0700,Charan Gupta,6A,27,65,39,88,33,50.4,D,Fail
STU0701,Aditi Murthy,7B,60,91,64,76,44,67,C,Pass
STU0702,Aditya Rao,8B,37,52,25,82,76,54.4,D,Fail
STU0703,Sandhya Singh,10A,82,44,92,43,89,70,B,Pass
STU0704,Prakash Gupta,9B,55,96,90,40,28,61.8,C,Fail
STU0705,Naresh Nair,9B,57,53,89,66,78,68.6,C,Pass
STU0706,Aarav Pandian,9A,43,22,99,66,99,65.8,C,Fail
STU0707,Lakshmi Gupta,6B,88,69,44,87,83,74.2,B,Pass
STU0708,Ramya Nair,10B,56,61,72,61,34,56.8,D,Fail
STU0709,Priya Pandian,6B,25,36,42,24,45,34.4,F,Fail
STU0710,Sneha Murthy,7B,32,24,93,69,82,60,C,Fail
STU0711,Naresh Vasudevan,10B,52,26,66,48,97,57.8,D,Fail
STU0712,Rohan Kumar,7B,82,30,79,27,66,56.8,D,Fail
STU0713,Sandhya Naidu,8B,27,98,54,87,25,58.2,D,Fail
STU0714,Rohan Singh,6B,47,86,32,32,49,49.2,E,Fail
STU0715,Omkar Rao,7B,44,87,51,92,100,74.8,B,Pass
STU0716,Ramesh Subramaniam,10A,73,33,93,65,78,68.4,C,Fail
STU0717,Yamini Reddy,7A,43,90,71,84,63,70.2,B,Pass
STU0718,Karthik Subramaniam,10B,76,65,60,90,61,70.4,B,Pass
STU0719,Bala Naidu,9A,61,97,50,92,89,77.8,B,Pass
STU0720,Manoj Rao,10A,52,66,77,77,70,68.4,C,Pass
STU0721,Aarav Sharma,8A,96,22,86,37,58,59.8,D,Fail
STU0722,Aarav Singh,7B,47,60,22,55,90,54.8,D,Fail
STU0723,Logesh Subramaniam,10B,93,39,32,24,78,53.2,D,Fail
STU0724,Senthil Nair,7A,53,66,94,51,49,62.6,C,Pass
STU0725,Shruti Singh,6B,93,71,92,47,29,66.4,C,Fail
STU0726,Hari Murthy,7A,82,93,32,96,58,72.2,B,Fail
STU0727,Arjun Krishnan,9A,30,27,62,64,75,51.6,D,Fail
STU0728,Tanya Reddy,7B,97,21,100,68,26,62.4,C,Fail
STU0729,Varsha Pandian,6A,60,89,92,39,61,68.2,C,Pass
STU0730,Kiran Pillai,7A,26,70,77,96,93,72.4,B,Fail
STU0731,Kiran Patel,7B,75,57,70,38,36,55.2,D,Pass
STU0732,Mahesh Patel,9B,93,26,90,71,53,66.6,C,Fail
STU0733,Ananya Rao,10A,75,36,37,81,91,64,C,Pass
STU0734,Praveen Murthy,9A,93,45,91,98,87,82.8,A,Pass
STU0735,Divya Pillai,6B,54,75,61,93,31,62.8,C,Fail
STU0736,Kavya Naidu,9A,66,64,44,61,64,59.8,D,Pass
STU0737,Zara Kumar,8A,41,64,98,76,99,75.6,B,Pass
STU0738,Neha Chandran,6A,49,45,67,39,30,46,E,Fail
STU0739,Kavya Sharma,7B,99,38,56,21,63,55.4,D,Fail
STU0740,Kavya Singh,9B,80,22,62,46,88,59.6,D,Fail
STU0741,Manoj Menon,10A,86,53,90,81,99,81.8,A,Pass
STU0742,Neha Kumar,9A,94,87,25,52,41,59.8,D,Fail
STU0743,Krishna Singh,7B,99,54,26,79,21,55.8,D,Fail
STU0744,Ishaan Rao,8A,66,33,22,57,69,49.4,E,Fail
STU0745,Rajesh Rao,10A,32,60,82,96,88,71.6,B,Fail
STU0746,Diya Iyer,7B,84,78,91,22,25,60,C,Fail
STU0747,Divya Pandian,8A,62,82,70,40,22,55.2,D,Fail
STU0748,Prakash Verma,8B,100,58,50,84,55,69.4,C,Pass
STU0749,Krishna Raj,9A,23,91,55,48,39,51.2,D,Fail
STU0750,Mahesh Rao,7A,31,68,86,98,100,76.6,B,Fail
STU0751,Rajesh Naidu,7B,93,39,74,59,97,72.4,B,Pass
STU0752,Ganesh Chandran,10A,36,46,37,94,89,60.4,C,Pass
STU0753,Praveen Nair,8A,87,37,75,38,92,65.8,C,Pass
STU0754,Karthik Gupta,6B,91,88,35,43,60,63.4,C,Pass
STU0755,Neha Kumar,8B,72,72,58,76,55,66.6,C,Pass
STU0756,Meera Menon,6B,36,43,23,98,98,59.6,D,Fail
STU0757,Swathi Vasudevan,10B,98,49,96,49,49,68.2,C,Pass
STU0758,Vihaan Verma,6B,81,37,84,97,80,75.8,B,Pass
STU0759,Bala Iyer,9A,82,80,37,40,44,56.6,D,Pass
STU0760,Sandeep Sharma,9A,21,54,72,48,45,48,E,Fail
STU0761,Dinesh Patel,7A,76,98,82,61,78,79,B,Pass
STU0762,Divya Naidu,9A,25,97,68,60,70,64,C,Fail
STU0763,Bharath Krishnan,10B,88,87,24,86,33,63.6,C,Fail
STU0764,Devi Chandran,6A,51,86,88,70,25,64,C,Fail
STU0765,Sandhya Rao,10A,100,26,44,57,76,60.6,C,Fail
STU0766,Lavanya Singh,8A,79,41,74,57,98,69.8,C,Pass
STU0767,Reyansh Pandian,7A,79,77,31,84,34,61,C,Fail
STU0768,Vijay Krishnan,10A,37,70,72,61,77,63.4,C,Pass
STU0769,Vihaan Iyer,9B,95,45,78,31,52,60.2,C,Fail
STU0770,Hari Iyer,6B,31,34,77,66,30,47.6,E,Fail
STU0771,Naresh Rao,10A,98,40,68,90,68,72.8,B,Pass
STU0772,Sai Iyer,8B,92,39,40,38,42,50.2,D,Pass
STU0773,Reyansh Naidu,8A,59,77,56,100,43,67,C,Pass
STU0774,Riya Nair,7B,20,99,52,21,78,54,D,Fail
STU0775,Jagan Murthy,10A,20,97,83,50,47,59.4,D,Fail
STU0776,Yasmin Murthy,9B,72,76,30,96,96,74,B,Fail
STU0777,Aarav Pillai,10A,55,99,100,91,46,78.2,B,Pass
STU0778,Reyansh Iyer,7A,27,64,24,38,24,35.4,E,Fail
STU0779,Uma Vasudevan,8A,62,31,26,33,73,45,E,Fail
STU0780,Ramesh Iyer,8A,98,96,93,91,42,84,A,Pass
STU0781,Esther Krishnan,8B,24,31,58,61,67,48.2,E,Fail
STU0782,Saravanan Patel,9A,90,28,57,80,37,58.4,D,Fail
STU0783,Riya Raj,8B,87,72,87,46,46,67.6,C,Pass
STU0784,Bharath Sharma,6B,93,100,87,31,81,78.4,B,Fail
STU0785,Akash Singh,9A,97,60,53,87,93,78,B,Pass
STU0786,Charan Verma,7A,98,92,83,86,100,91.8,A+,Pass
STU0787,Jagan Murthy,7A,98,49,57,44,20,53.6,D,Fail
STU0788,Riya Kumar,9B,100,35,46,98,73,70.4,B,Pass
STU0789,Sowmya Sharma,8B,64,91,47,21,45,53.6,D,Fail
STU0790,Nisha Raj,6B,59,58,84,90,61,70.4,B,Pass
STU0791,Aarav Reddy,8B,63,70,92,98,23,69.2,C,Fail
STU0792,Ramesh Menon,8B,63,81,80,24,37,57,D,Fail
STU0793,Hariharan Nair,9B,88,62,79,72,27,65.6,C,Fail
STU0794,Mukesh Singh,10B,60,91,88,22,46,61.4,C,Fail
STU0795,Uma Gupta,8B,28,39,55,23,63,41.6,E,Fail
STU0796,Saravanan Subramaniam,7A,93,97,69,43,96,79.6,B,Pass
STU0797,Kavya Singh,8B,24,54,72,31,83,52.8,D,Fail
STU0798,Lakshmi Verma,9B,58,47,87,58,42,58.4,D,Pass
STU0799,Kavya Verma,6A,45,31,76,84,23,51.8,D,Fail
STU0800,Hariharan Pandian,7A,44,63,81,87,59,66.8,C,Pass
STU0801,Hari Nair,6B,86,36,46,24,78,54,D,Fail
STU0802,Vignesh Pandian,6B,20,59,25,96,31,46.2,E,Fail
STU0803,Ganesh Chandran,6A,33,86,59,22,93,58.6,D,Fail
STU0804,Varsha Menon,8B,45,44,56,55,88,57.6,D,Pass
STU0805,Surya Chandran,6B,54,39,40,55,34,44.4,E,Fail
STU0806,Vivaan Vasudevan,10A,85,33,46,89,64,63.4,C,Fail
STU0807,Ramya Gupta,8A,38,56,93,51,41,55.8,D,Pass
STU0808,Rohan Singh,10B,63,89,76,26,36,58,D,Fail
STU0809,Vihaan Murthy,6A,33,69,26,31,74,46.6,E,Fail
STU0810,Lavanya Iyer,10B,95,100,77,98,65,87,A,Pass
STU0811,Varsha Gupta,7B,88,30,79,92,36,65,C,Fail
STU0812,Diya Chandran,6B,78,59,79,80,49,69,C,Pass
STU0813,Sandeep Nair,10B,53,66,70,43,62,58.8,D,Pass
STU0814,Hari Chandran,9B,23,28,80,34,64,45.8,E,Fail
STU0815,Hariharan Chandran,7A,56,64,97,93,36,69.2,C,Pass
STU0816,Logesh Reddy,9A,33,61,91,29,58,54.4,D,Fail
STU0817,Omkar Chandran,9A,95,72,50,99,51,73.4,B,Pass
STU0818,Ramya Iyer,9B,69,28,63,46,95,60.2,C,Fail
STU0819,Bhavana Naidu,10B,63,89,50,42,29,54.6,D,Fail
STU0820,Uma Murthy,6B,95,96,79,61,91,84.4,A,Pass
STU0821,Priya Chandran,7A,59,71,28,96,33,57.4,D,Fail
STU0822,Zara Rao,8B,83,27,31,47,37,45,E,Fail
STU0823,Vidya Kumar,7A,39,77,88,57,69,66,C,Pass
STU0824,Bharath Krishnan,9B,45,46,60,58,92,60.2,C,Pass
STU0825,Keerthana Naidu,8B,31,94,21,98,85,65.8,C,Fail
STU0826,Madhumitha Nair,8A,27,67,90,26,20,46,E,Fail
STU0827,Sandhya Verma,6B,56,23,50,75,95,59.8,D,Fail
STU0828,Lavanya Gupta,9A,71,68,75,89,47,70,B,Pass
STU0829,Ramesh Murthy,7A,44,91,69,66,73,68.6,C,Pass
STU0830,Meera Singh,7A,37,21,29,22,38,29.4,F,Fail
STU0831,Imran Naidu,7A,30,37,73,78,97,63,C,Fail
STU0832,Yamini Vasudevan,7A,78,85,74,90,77,80.8,A,Pass
STU0833,Vignesh Verma,7B,43,74,97,20,93,65.4,C,Fail
STU0834,Jagan Pillai,10A,54,72,89,93,66,74.8,B,Pass
STU0835,Arjun Sharma,10B,81,67,34,94,81,71.4,B,Fail
STU0836,Ananya Nair,10A,55,79,86,30,86,67.2,C,Fail
STU0837,Bharath Patel,7B,80,100,29,89,94,78.4,B,Fail
STU0838,Varsha Vasudevan,6A,63,88,21,80,78,66,C,Fail
STU0839,Logesh Murthy,10B,62,73,65,57,57,62.8,C,Pass
STU0840,Suresh Sharma,10B,58,92,53,27,100,66,C,Fail
STU0841,Gokul Krishnan,7A,93,26,57,99,23,59.6,D,Fail
STU0842,Nisha Murthy,6B,36,84,29,55,52,51.2,D,Fail
STU0843,Aditi Vasudevan,8A,55,52,21,34,97,51.8,D,Fail
STU0844,Ramesh Krishnan,7A,77,67,42,53,50,57.8,D,Pass
STU0845,Imran Iyer,10A,24,63,30,38,96,50.2,D,Fail
STU0846,Meera Murthy,9A,69,50,76,41,46,56.4,D,Pass
STU0847,Uma Verma,6A,53,34,26,41,79,46.6,E,Fail
STU0848,Madhumitha Murthy,8A,80,88,49,68,69,70.8,B,Pass
STU0849,Gokul Raj,7A,87,75,21,56,77,63.2,C,Fail
STU0850,Saravanan Gupta,10A,25,32,88,65,75,57,D,Fail
STU0851,Bharath Raj,8B,54,54,32,52,94,57.2,D,Fail
STU0852,Lavanya Chandran,7B,95,44,86,63,43,66.2,C,Pass
STU0853,Surya Subramaniam,6A,21,28,21,72,32,34.8,F,Fail
STU0854,Naresh Reddy,9B,64,48,56,52,44,52.8,D,Pass
STU0855,Arjun Kumar,10B,31,27,96,47,96,59.4,D,Fail
STU0856,Riya Reddy,6B,97,36,68,92,43,67.2,C,Pass
STU0857,Kavya Iyer,8A,57,79,29,78,55,59.6,D,Fail
STU0858,Yamini Gupta,8A,40,29,55,27,68,43.8,E,Fail
STU0859,Vignesh Gupta,6A,53,53,42,76,28,50.4,D,Fail
STU0860,Imran Menon,10B,70,42,82,33,38,53,D,Fail
STU0861,Pranav Naidu,7B,98,33,76,53,33,58.6,D,Fail
STU0862,Arjun Patel,6B,93,52,77,22,83,65.4,C,Fail
STU0863,Meera Kumar,6A,69,54,39,62,70,58.8,D,Pass
STU0864,Uma Kumar,10A,82,81,75,71,28,67.4,C,Fail
STU0865,Pranav Pillai,6A,69,81,35,92,88,73,B,Pass
STU0866,Senthil Gupta,8A,71,27,100,31,66,59,D,Fail
STU0867,Omkar Gupta,6B,78,57,45,42,90,62.4,C,Pass
STU0868,Sai Rao,7B,58,69,33,100,65,65,C,Fail
STU0869,Imran Patel,9B,44,37,24,44,23,34.4,F,Fail
STU0870,Yasmin Pillai,9B,69,28,89,59,83,65.6,C,Fail
STU0871,Omkar Chandran,6A,24,63,27,63,25,40.4,E,Fail
STU0872,Madhumitha Reddy,7B,86,78,88,39,94,77,B,Pass
STU0873,Rajesh Patel,6A,38,82,22,80,99,64.2,C,Fail
STU0874,Sai Pillai,7A,21,42,100,26,59,49.6,E,Fail
STU0875,Priya Chandran,10B,41,95,28,33,34,46.2,E,Fail
STU0876,Jagan Vasudevan,10B,48,28,45,74,63,51.6,D,Fail
STU0877,Madhumitha Gupta,6B,93,89,37,61,47,65.4,C,Pass
STU0878,Sai Krishnan,7A,62,28,35,55,38,43.6,E,Fail
STU0879,Tanya Iyer,8B,90,41,76,51,94,70.4,B,Pass
STU0880,Sai Nair,6B,100,98,68,40,22,65.6,C,Fail
STU0881,Imran Patel,6A,20,42,31,95,56,48.8,E,Fail
STU0882,Tanya Murthy,7A,46,38,54,86,77,60.2,C,Pass
STU0883,Sowmya Pillai,7A,98,24,96,43,83,68.8,C,Fail
STU0884,Bharath Patel,8A,64,73,20,91,50,59.6,D,Fail
STU0885,Naveen Reddy,10A,32,99,66,89,84,74,B,Fail
STU0886,Sandeep Chandran,7B,55,26,44,34,39,39.6,E,Fail
STU0887,Gokul Murthy,7A,40,25,26,66,56,42.6,E,Fail
STU0888,Dinesh Naidu,8A,62,98,78,25,33,59.2,D,Fail
STU0889,Reyansh Subramaniam,7A,40,23,82,85,34,52.8,D,Fail
STU0890,Rohan Pillai,9B,95,94,61,73,45,73.6,B,Pass
STU0891,Hari Pillai,6B,61,49,32,50,72,52.8,D,Fail
STU0892,Praveen Rao,7B,29,80,94,82,26,62.2,C,Fail
STU0893,Bhavana Nair,7B,98,78,42,69,67,70.8,B,Pass
STU0894,Pooja Chandran,7B,100,65,54,45,62,65.2,C,Pass
STU0895,Aditi Sharma,10B,27,55,37,34,79,46.4,E,Fail
STU0896,Esther Naidu,7A,63,48,57,97,40,61,C,Pass
STU0897,Bharath Iyer,10B,90,49,31,72,86,65.6,C,Fail
STU0898,Imran Menon,10B,80,79,55,21,74,61.8,C,Fail
STU0899,Divya Pillai,8B,75,94,48,95,39,70.2,B,Pass
STU0900,Uma Kumar,9A,25,25,80,84,24,47.6,E,Fail
STU0901,Yamini Pandian,9A,81,32,77,83,50,64.6,C,Fail
STU0902,Ananya Subramaniam,6A,72,47,36,65,57,55.4,D,Pass
STU0903,Lakshmi Patel,6A,81,59,40,78,93,70.2,B,Pass
STU0904,Vidya Kumar,9B,79,37,71,43,67,59.4,D,Pass
STU0905,Farida Kumar,6B,69,62,87,24,57,59.8,D,Fail
STU0906,Yamini Raj,10B,89,93,46,30,99,71.4,B,Fail
STU0907,Ganesh Sharma,10A,66,26,34,69,66,52.2,D,Fail
STU0908,Farida Vasudevan,6A,66,66,42,91,28,58.6,D,Fail
STU0909,Sandhya Menon,7A,62,50,89,34,81,63.2,C,Fail
STU0910,Vidya Menon,7B,61,65,54,84,74,67.6,C,Pass
STU0911,Deepika Sharma,6B,67,64,77,82,84,74.8,B,Pass
STU0912,Naresh Reddy,9B,88,88,57,77,99,81.8,A,Pass
STU0913,Bala Patel,7B,78,31,30,70,42,50.2,D,Fail
STU0914,Nisha Patel,6B,41,55,34,38,83,50.2,D,Fail
STU0915,Meera Menon,10A,100,22,57,73,89,68.2,C,Fail
STU0916,Aditi Murthy,8B,73,76,22,57,44,54.4,D,Fail
STU0917,Ishaan Kumar,7B,86,62,72,94,63,75.4,B,Pass
STU0918,Hari Murthy,10B,87,90,76,78,58,77.8,B,Pass
STU0919,Tara Nair,8A,41,53,49,81,67,58.2,D,Pass
STU0920,Nisha Sharma,7A,65,56,78,41,99,67.8,C,Pass
STU0921,Karthik Subramaniam,8A,43,42,39,40,50,42.8,E,Pass
STU0922,Kavya Sharma,8B,93,36,76,53,67,65,C,Pass
STU0923,Vijay Menon,10A,24,60,64,38,67,50.6,D,Fail
STU0924,Devi Subramaniam,7A,88,58,35,23,71,55,D,Fail
STU0925,Jagan Nair,9B,60,39,20,89,84,58.4,D,Fail
STU0926,Ganesh Singh,9B,57,93,38,92,76,71.2,B,Pass
STU0927,Mahesh Reddy,9B,25,37,90,34,59,49,E,Fail
STU0928,Vihaan Rao,10B,48,77,65,31,61,56.4,D,Fail
STU0929,Krishna Vasudevan,7B,94,87,48,55,45,65.8,C,Pass
STU0930,Aditya Patel,10A,77,31,85,70,44,61.4,C,Fail
STU0931,Imran Gupta,10B,97,85,27,66,70,69,C,Fail
STU0932,Neha Naidu,8B,69,67,21,56,64,55.4,D,Fail
STU0933,Prakash Singh,9B,91,31,47,76,73,63.6,C,Fail
STU0934,Chitra Singh,7A,74,73,37,95,96,75,B,Pass
STU0935,Diya Nair,7B,58,80,87,62,28,63,C,Fail
STU0936,Yasmin Rao,6B,20,72,54,73,42,52.2,D,Fail
STU0937,Sandhya Chandran,10B,37,45,43,68,57,50,D,Pass
STU0938,Ramya Murthy,6A,58,94,58,83,91,76.8,B,Pass
STU0939,Farida Pillai,6A,20,39,53,58,80,50,D,Fail
STU0940,Riya Singh,9A,42,82,51,23,35,46.6,E,Fail
STU0941,Deepika Murthy,6B,96,66,94,81,92,85.8,A,Pass
STU0942,Bhavana Raj,9B,35,67,85,93,22,60.4,C,Fail
STU0943,Anjali Iyer,10B,27,38,60,79,37,48.2,E,Fail
STU0944,Senthil Iyer,6A,54,66,73,65,26,56.8,D,Fail
STU0945,Pavithra Singh,10A,29,85,44,100,43,60.2,C,Fail
STU0946,Priya Vasudevan,7A,89,61,60,58,54,64.4,C,Pass
STU0947,Murali Reddy,10A,94,65,38,21,37,51,D,Fail
STU0948,Mukesh Singh,8B,82,72,63,40,33,58,D,Fail
STU0949,Manoj Nair,10A,48,44,91,98,87,73.6,B,Pass
STU0950,Omkar Subramaniam,6B,73,78,29,34,36,50,D,Fail
STU0951,Aditya Murthy,8B,59,66,37,76,96,66.8,C,Pass
STU0952,Mukesh Gupta,7A,58,23,35,48,36,40,E,Fail
STU0953,Neha Pillai,8A,36,46,36,30,74,44.4,E,Fail
STU0954,Kavya Patel,6A,81,75,25,45,33,51.8,D,Fail
STU0955,Arjun Pandian,10B,27,80,35,52,25,43.8,E,Fail
STU0956,Ishaan Singh,6A,32,35,97,46,95,61,C,Fail
STU0957,Praveen Iyer,8B,23,31,38,55,94,48.2,E,Fail
STU0958,Prakash Verma,7A,84,98,50,84,92,81.6,A,Pass
STU0959,Ishaan Reddy,10B,21,87,47,44,56,51,D,Fail
STU0960,Suresh Subramaniam,6A,32,47,84,80,66,61.8,C,Fail
STU0961,Yasmin Iyer,9B,33,43,65,68,74,56.6,D,Fail
STU0962,Manoj Pandian,7B,72,34,60,35,79,56,D,Fail
STU0963,Kavya Pandian,7A,83,66,56,91,25,64.2,C,Fail
STU0964,Ananya Gupta,9B,34,69,56,78,96,66.6,C,Fail
STU0965,Varsha Chandran,7B,90,72,57,74,44,67.4,C,Pass
STU0966,Ishaan Murthy,8B,42,21,82,33,70,49.6,E,Fail
STU0967,Chitra Pandian,6B,35,38,70,71,95,61.8,C,Pass
STU0968,Sneha Iyer,6B,66,45,63,45,96,63,C,Pass
STU0969,Madhumitha Reddy,7B,74,83,55,94,95,80.2,A,Pass
STU0970,Swathi Rao,8B,80,97,71,82,85,83,A,Pass
STU0971,Deepika Nair,9B,33,35,52,82,83,57,D,Fail
STU0972,Rajesh Nair,6A,32,26,28,83,23,38.4,E,Fail
STU0973,Ramesh Rao,10B,61,39,58,99,99,71.2,B,Pass
STU0974,Priya Patel,10A,83,79,45,57,83,69.4,C,Pass
STU0975,Imran Pandian,8A,89,63,89,89,22,70.4,B,Fail
STU0976,Arjun Naidu,6B,69,77,60,68,76,70,B,Pass
STU0977,Esther Sharma,6A,42,91,58,41,82,62.8,C,Pass
STU0978,Bhavana Nair,8A,69,82,34,92,82,71.8,B,Fail
STU0979,Ramya Subramaniam,10B,80,80,91,40,84,75,B,Pass
STU0980,Krishna Rao,8A,83,95,68,98,65,81.8,A,Pass
STU0981,Nisha Gupta,6A,23,95,25,36,66,49,E,Fail
STU0982,Prakash Krishnan,6A,100,63,68,32,74,67.4,C,Fail
STU0983,Prakash Verma,9A,64,27,51,51,50,48.6,E,Fail
STU0984,Varsha Krishnan,6B,28,59,34,63,41,45,E,Fail
STU0985,Aditya Subramaniam,8B,24,78,74,92,85,70.6,B,Fail
STU0986,Tanya Raj,6A,80,95,22,60,68,65,C,Fail
STU0987,Uma Rao,8B,93,32,82,32,46,57,D,Fail
STU0988,Mahesh Murthy,10A,63,41,98,58,66,65.2,C,Pass
STU0989,Bhavana Menon,9B,29,88,47,56,53,54.6,D,Fail
STU0990,Reyansh Singh,10B,71,48,99,31,94,68.6,C,Fail
STU0991,Priya Krishnan,8B,54,28,92,87,80,68.2,C,Fail
STU0992,Yamini Menon,8B,29,58,84,58,75,60.8,C,Fail
STU0993,Pranav Gupta,7B,73,71,52,99,85,76,B,Pass
STU0994,Esther Subramaniam,7A,22,100,86,43,93,68.8,C,Fail
STU0995,Jagan Menon,9B,54,88,98,75,92,81.4,A,Pass
STU0996,Krishna Pandian,7B,66,79,38,50,39,54.4,D,Pass
STU0997,Keerthana Naidu,9A,60,28,46,72,54,52,D,Fail
STU0998,Nisha Iyer,8A,96,50,71,50,34,60.2,C,Fail
STU0999,Meera Menon,6A,51,59,79,82,91,72.4,B,Pass
STU1000,Bhavana Naidu,6A,45,40,54,37,23,39.8,E,Fail
